{"loss_mean": 0.11351276934146881, "_timestamp": 1725176897.5937595, "_runtime": 32515.95422053337, "_step": 12544, "acc_student_e_train_SUN397": 0.71875, "iteration": 500, "acc_student_e_train_Cars": 0.875, "acc_student_e_train_RESISC45": 0.9375, "acc_student_e_train_EuroSAT": 1.0, "acc_student_e_train_SVHN": 1.0, "acc_student_e_train_GTSRB": 0.9375, "acc_student_e_train_MNIST": 1.0, "acc_student_e_train_DTD": 0.78125, "acc_student_e_train": 0.90625, "acc_student_e_eval_SUN397": 0.7010579345088161, "acc_student_e_eval_Cars": 0.7517721676408406, "acc_student_e_eval_RESISC45": 0.9384126984126984, "acc_student_e_eval_EuroSAT": 0.9937037037037038, "acc_student_e_eval_SVHN": 0.9628149969268592, "acc_student_e_eval_GTSRB": 0.982818685669042, "acc_student_e_eval_MNIST": 0.9937, "acc_student_e_eval_DTD": 0.7797872340425532, "acc_student_e_eval": 0.8880084276130642, "_wandb": {"runtime": 32515}}