{"acc_student_e_eval_SUN397": 0.6440302267002519, "iteration": 0, "_timestamp": 1725141041.2240264, "_runtime": 707.2187623977661, "_step": 25, "acc_student_e_eval_Cars": 0.680885462007213, "acc_student_e_eval_RESISC45": 0.7926984126984127, "acc_student_e_eval_EuroSAT": 0.9381481481481482, "acc_student_e_eval_SVHN": 0.8700061462814997, "acc_student_e_eval_GTSRB": 0.9199524940617577, "acc_student_e_eval_MNIST": 0.9751, "acc_student_e_eval_DTD": 0.5914893617021276, "acc_student_e_eval": 0.8015387814499265, "loss_mean": 0.1838112622499466, "acc_student_e_train_SUN397": 0.8125, "acc_student_e_train_Cars": 0.71875, "acc_student_e_train_RESISC45": 0.78125, "acc_student_e_train_EuroSAT": 0.90625, "acc_student_e_train_SVHN": 0.78125, "_wandb": {"runtime": 707}}