{"loss_mean": 0.17641045153141022, "_timestamp": 1725179355.746993, "_runtime": 20.340732097625732, "_step": 5, "acc_student_e_train_SUN397": 0.625, "iteration": 0, "acc_student_e_train_Cars": 0.5, "_wandb": {"runtime": 19}}