{"acc_student_e_eval_SUN397": 0.6901259445843829, "iteration": 12, "_timestamp": 1725144278.3399966, "_runtime": 2863.32626748085, "_step": 339, "acc_student_e_eval_Cars": 0.6859843303071758, "acc_student_e_eval_RESISC45": 0.873015873015873, "acc_student_e_eval_EuroSAT": 0.9818518518518519, "acc_student_e_eval_SVHN": 0.9274354640442533, "acc_student_e_eval_GTSRB": 0.9700712589073635, "acc_student_e_eval_MNIST": 0.99, "acc_student_e_eval_DTD": 0.6542553191489362, "acc_student_e_eval": 0.8465925052324796, "loss_mean": 0.149563267827034, "acc_student_e_train_SUN397": 0.625, "acc_student_e_train_Cars": 0.78125, "acc_student_e_train_RESISC45": 0.875, "acc_student_e_train_EuroSAT": 1.0, "acc_student_e_train_SVHN": 0.96875, "acc_student_e_train_GTSRB": 1.0, "acc_student_e_train_MNIST": 1.0, "acc_student_e_train_DTD": 0.625, "acc_student_e_train": 0.88671875, "_wandb": {"runtime": 2863}}