{"loss_mean": 0.10350887477397919, "_timestamp": 1725215904.7404332, "_runtime": 32232.936717271805, "_step": 12544, "acc_student_e_train_SUN397": 0.65625, "iteration": 500, "acc_student_e_train_Cars": 0.84375, "acc_student_e_train_RESISC45": 0.96875, "acc_student_e_train_EuroSAT": 1.0, "acc_student_e_train_SVHN": 1.0, "acc_student_e_train_GTSRB": 1.0, "acc_student_e_train_MNIST": 1.0, "acc_student_e_train_DTD": 0.875, "acc_student_e_train": 0.91796875, "acc_student_e_eval_SUN397": 0.7006549118387909, "acc_student_e_eval_Cars": 0.7496580027359782, "acc_student_e_eval_RESISC45": 0.9368253968253968, "acc_student_e_eval_EuroSAT": 0.9937037037037038, "acc_student_e_eval_SVHN": 0.9628918254456054, "acc_student_e_eval_GTSRB": 0.9840855106888361, "acc_student_e_eval_MNIST": 0.994, "acc_student_e_eval_DTD": 0.7797872340425532, "acc_student_e_eval": 0.887700823160108, "_wandb": {"runtime": 32232}}