{"loss_mean": 0.14481402933597565, "_timestamp": 1725143567.6688297, "_runtime": 2225.485670566559, "_step": 326, "acc_student_e_train_SUN397": 0.59375, "iteration": 12, "acc_student_e_train_Cars": 0.78125, "acc_student_e_train_RESISC45": 0.84375, "acc_student_e_train_EuroSAT": 1.0, "acc_student_e_train_SVHN": 0.90625, "acc_student_e_train_GTSRB": 0.96875, "acc_student_e_train_MNIST": 1.0, "acc_student_e_train_DTD": 0.625, "acc_student_e_train": 0.828125, "acc_student_e_eval_SUN397": 0.6897732997481109, "acc_student_e_eval_Cars": 0.6790200223852755, "acc_student_e_eval_RESISC45": 0.8742857142857143, "acc_student_e_eval_EuroSAT": 0.9825925925925926, "acc_student_e_eval_SVHN": 0.9237092808850645, "acc_student_e_eval_GTSRB": 0.9718131433095804, "acc_student_e_eval_MNIST": 0.9874, "acc_student_e_eval_DTD": 0.6654255319148936, "acc_student_e_eval": 0.8467524481401539, "_wandb": {"runtime": 2227}}